roadID,XCoord_0,YCoord_0,XCoord_1,YCoord_1
101,815863,3385083,816066,3384959
102,816066,3384959,816203,3384904
103,816203,3384904,816479,3384813
201,815369,3383805,815469,3383832
202,815469,3383832,815570,3383844
203,815570,3383844,815601,3383848
204,815601,3383848,815960,3383869
301,815819,3383511,815722,3383742
302,815722,3383742,815601,3383848
401,817513,3385493,817513,3385275
501,817360,3385293,817513,3385275
502,817513,3385275,817701,3385272
601,817378,3384317,817433,3384516
602,817433,3384516,817484,3384568
603,817484,3384568,817545,3384742
701,816895,3384392,816959,3384887
801,816551,3384994,816959,3384887
802,816959,3384887,817545,3384742
803,817545,3384742,817760,3384716
901,818971,3383743,818871,3383554
902,818871,3383554,818664,3383182
1001,817907,3383861,818569,3383679
1002,818569,3383679,818871,3383554
1003,818871,3383554,819282,3383386
1101,818407,3383340,818569,3383679
1102,818569,3383679,818659,3383872
1201,819812,3384214,819658,3384272
1202,819658,3384272,819505,3384329
1301,817149,3381782,817178,3381777
1302,817178,3381777,817345,3381817
1303,817345,3381817,817420,3381882
1304,817420,3381882,817484,3381980
1305,817484,3381980,817549,3382294
1306,817549,3382294,817675,3382540
1307,817675,3382540,817722,3382759
1401,821871,3387759,822081,3387684
1402,822081,3387684,822165,3387667
1403,822165,3387667,822269,3387647
1404,822269,3387647,822542,3387591
1405,822542,3387591,822926,3387456
1501,817688,3385509,817701,3385272
1502,817701,3385272,817718,3385080
1601,817542,3380175,817541,3379595
1701,819577,3385343,819743,3385723
1801,822926,3387456,822982,3387582
1802,822982,3387582,823424,3388562
1901,820081,3389193,820262,3389043
1902,820262,3389043,820414,3388918
1903,820414,3388918,820689,3388691
1904,820689,3388691,820854,3388555
2001,820027,3380505,819966,3380560
2002,819966,3380560,819617,3380909
2101,816027,3383316,816026,3383504
2102,816026,3383504,816022,3383668
2103,816022,3383668,816016,3383866
2104,816016,3383866,816056,3384010
2105,816056,3384010,815982,3384020
2201,816496,3383515,816243,3383512
2202,816243,3383512,816026,3383504
2203,816026,3383504,815905,3383505
2301,819745,3384026,819578,3384091
2302,819578,3384091,819430,3384142
2401,818125,3387001,819461,3385930
2402,819461,3385930,819743,3385723
2501,822596,3387984,822241,3388253
2601,822542,3387591,822596,3387984
2701,822596,3387984,822940,3388403
2702,822940,3388403,822901,3388510
2703,822901,3388510,823047,3388689
2801,819567,3388579,819750,3388789
2802,819750,3388789,819881,3388945
2803,819881,3388945,820081,3389193
2901,820784,3390121,820955,3389807
2902,820955,3389807,820726,3389682
3001,820579,3389839,820367,3389544
3002,820367,3389544,820081,3389193
3101,820367,3389544,820465,3389461
3102,820465,3389461,820726,3389682
3201,820579,3389839,820726,3389682
3202,820726,3389682,820999,3389311
3203,820999,3389311,821281,3388921
3301,823374,3382441,823555,3382845
3302,823555,3382845,823553,3383104
3401,822388,3382596,823021,3382468
3402,823021,3382468,823374,3382441
3501,815826,3382880,815888,3383371
3502,815888,3383371,815905,3383505
3601,817682,3378817,817671,3378483
3602,817671,3378483,817524,3378167
3701,814700,3378128,814551,3377860
3801,814899,3377869,814700,3378128
3901,820170,3378503,820110,3378351
3902,820110,3378351,820043,3378017
4001,823216,3378643,823008,3378657
4101,819028,3378300,819032,3378243
4102,819032,3378243,819139,3378213
4103,819139,3378213,819168,3378074
4104,819168,3378074,819476,3378000
4105,819476,3378000,819624,3378631
4201,820170,3378503,819624,3378631
4301,823008,3378657,822756,3378675
4302,822756,3378675,822545,3378772
4401,819028,3378300,819139,3378274
4402,819139,3378274,819149,3378744
4501,819624,3378631,819149,3378744
4601,823954,3378618,824086,3378947
4701,824575,3378803,824238,3378871
4702,824238,3378871,824086,3378947
4801,819028,3378300,818714,3378376
4802,818714,3378376,818689,3378847
4901,819149,3378744,818689,3378847
5001,817682,3378817,818216,3378834
5101,814700,3378128,815129,3378754
5201,815129,3378754,815666,3378840
5202,815666,3378840,815578,3378329
5203,815578,3378329,815586,3378010
5301,819149,3378744,819191,3379055
5401,820437,3379112,820170,3378503
5501,813691,3378975,812765,3377930
5601,813691,3378975,814700,3378128
5701,817264,3378177,817223,3379091
5702,817223,3379091,817227,3379238
5703,817227,3379238,817236,3379590
5801,817223,3379091,817407,3379063
5802,817407,3379063,817458,3378813
5803,817458,3378813,817682,3378817
5901,818689,3378847,818673,3379204
5902,818673,3379204,818658,3379623
6001,819191,3379055,818673,3379204
6002,818673,3379204,818174,3379219
6101,818174,3379219,818216,3378834
6201,822988,3379367,823008,3378657
6301,815905,3383505,815960,3383869
6302,815960,3383869,815982,3384020
6303,815982,3384020,815994,3384101
6401,817524,3378167,817264,3378177
6501,817540,3379227,817682,3378817
6601,819789,3379312,819624,3378631
6701,820437,3379112,819789,3379312
6801,820539,3379342,820437,3379112
6901,819789,3379312,819586,3379376
6902,819586,3379376,819257,3379478
7001,819191,3379055,819257,3379478
7101,819257,3379478,818828,3379610
7102,818828,3379610,818658,3379623
7201,818174,3379219,818142,3379610
7301,818658,3379623,818142,3379610
7401,817541,3379595,817540,3379227
7501,818142,3379610,817541,3379595
7601,817541,3379595,817236,3379590
7701,824086,3378947,823865,3379084
7702,823865,3379084,824041,3379788
7801,824041,3379788,824556,3379430
7901,824041,3379788,823914,3379853
7902,823914,3379853,823315,3379826
7903,823315,3379826,823175,3379848
7904,823175,3379848,823028,3379907
8001,820725,3379765,820539,3379342
8101,814302,3379628,813691,3378975
8201,814302,3379628,814751,3379073
8202,814751,3379073,815129,3378754
8301,820018,3379807,819852,3379538
8302,819852,3379538,819789,3379312
8401,819724,3379877,820018,3379807
8402,820018,3379807,820299,3379710
8403,820299,3379710,820539,3379342
8501,823028,3379907,822978,3379714
8502,822978,3379714,822988,3379367
8601,819836,3380060,820130,3379990
8602,820130,3379990,820446,3379872
8603,820446,3379872,820725,3379765
8701,820027,3380505,819947,3380370
8702,819947,3380370,819928,3380207
8703,819928,3380207,819836,3380060
8704,819836,3380060,819724,3379877
8705,819724,3379877,819586,3379376
8801,815880,3379770,815769,3379569
8802,815769,3379569,815129,3378754
8901,820185,3380442,820130,3379990
8902,820130,3379990,820018,3379807
9001,818658,3379623,818642,3379983
9002,818642,3379983,818638,3380218
9101,822585,3380114,822529,3379572
9102,822529,3379572,822653,3379356
9103,822653,3379356,822988,3379367
9201,823028,3379907,822585,3380114
9301,818142,3379610,818090,3380193
9401,823175,3379848,823278,3380333
9501,824542,3379865,823942,3379881
9502,823942,3379881,823278,3380333
9601,817236,3379590,817069,3379612
9602,817069,3379612,817110,3380158
9701,817110,3380158,817542,3380175
9801,817542,3380175,818090,3380193
9901,818090,3380193,818638,3380218
10001,820963,3380340,820725,3379765
10101,821379,3380364,821254,3380351
10102,821254,3380351,820963,3380340
10201,821259,3379614,821254,3380351
10301,822585,3380114,822153,3380302
10302,822153,3380302,821759,3380367
10401,821759,3380367,821487,3380369
10402,821487,3380369,821379,3380364
10501,821487,3380369,821514,3379676
10601,820496,3380391,820446,3379872
10701,820963,3380340,820496,3380391
10801,820496,3380391,820185,3380442
10802,820185,3380442,820027,3380505
10901,814990,3380374,814302,3379628
11001,814990,3380374,815554,3379912
11002,815554,3379912,815880,3379770
11101,817109,3380480,817110,3380158
11201,822933,3380660,822871,3380400
11202,822871,3380400,822905,3380289
11203,822905,3380289,823058,3380060
11204,823058,3380060,823028,3379907
11301,823278,3380333,823129,3380444
11302,823129,3380444,822933,3380660
11303,822933,3380660,822802,3380822
11304,822802,3380822,822707,3380971
11401,817109,3380480,817205,3380513
11402,817205,3380513,817541,3380536
11501,818638,3380218,818717,3380559
11502,818717,3380559,818622,3380566
11601,817541,3380536,817542,3380175
11701,818055,3380565,817541,3380536
11801,818090,3380193,818055,3380565
11901,818622,3380566,818270,3380581
11902,818270,3380581,818055,3380565
12001,821016,3381097,821000,3380777
12002,821000,3380777,820997,3380720
12003,820997,3380720,820963,3380340
12101,821379,3380364,821432,3380735
12201,821759,3380367,821796,3380558
12202,821796,3380558,821683,3380729
12203,821683,3380729,821432,3380735
12301,820569,3380915,820548,3380749
12302,820548,3380749,820496,3380391
12401,820548,3380749,820997,3380720
12501,821432,3380735,821000,3380777
12601,816155,3380663,816096,3380278
12602,816096,3380278,815880,3379770
12701,818055,3380565,818015,3380850
12702,818015,3380850,817997,3381051
12801,822707,3380971,822585,3380114
12901,819617,3380909,819473,3380767
12902,819473,3380767,819033,3380560
12903,819033,3380560,818723,3380583
12904,818723,3380583,818631,3380589
12905,818631,3380589,818622,3380566
13001,820569,3380915,820305,3380945
13002,820305,3380945,820256,3380812
13003,820256,3380812,819966,3380560
13101,815358,3380841,815293,3380701
13102,815293,3380701,814990,3380374
13201,815358,3380841,815627,3380739
13202,815627,3380739,816155,3380663
13301,819617,3380909,819530,3380983
13401,817155,3380995,817156,3380921
13402,817156,3380921,817082,3380732
13403,817082,3380732,817109,3380480
13501,817156,3380921,817202,3380748
13502,817202,3380748,817205,3380513
13601,822802,3380822,823376,3380848
13602,823376,3380848,823815,3380806
13603,823815,3380806,823998,3380753
13604,823998,3380753,824018,3381121
13701,824475,3381006,824018,3381121
13801,817997,3381051,818270,3380581
13901,820607,3381203,820569,3380915
14001,820607,3381203,820839,3381111
14002,820839,3381111,821016,3381097
14101,817155,3380995,817499,3381056
14102,817499,3381056,817689,3381133
14201,817689,3381133,817543,3380860
14202,817543,3380860,817542,3380744
14203,817542,3380744,817541,3380536
14301,817689,3381133,817997,3381051
14401,819530,3380983,818861,3381186
14501,818861,3381186,818393,3381309
14601,816707,3381333,816365,3381265
14602,816365,3381265,816235,3381155
14603,816235,3381155,816155,3380663
14701,822876,3381382,822759,3381190
14702,822759,3381190,822707,3380971
14801,824018,3381121,822876,3381382
14901,820100,3381353,819617,3380909
15001,820100,3381353,820509,3381243
15002,820509,3381243,820607,3381203
15101,818393,3381309,818052,3381400
15201,817997,3381051,818054,3381184
15202,818054,3381184,818052,3381400
15301,819530,3380983,819515,3381477
15401,817689,3381133,817633,3381157
15402,817633,3381157,817576,3381349
15403,817576,3381349,817815,3381343
15404,817815,3381343,817873,3381470
15501,818052,3381400,817873,3381470
15601,816965,3381453,816817,3381376
15602,816817,3381376,816707,3381333
15701,816965,3381453,817155,3380995
15801,818995,3381580,818861,3381186
15901,818995,3381580,819160,3381527
15902,819160,3381527,819515,3381477
16001,818107,3381720,818052,3381400
16101,817873,3381470,817588,3381713
16201,815705,3381692,815417,3381514
16202,815417,3381514,815364,3381378
16203,815364,3381378,815437,3381210
16204,815437,3381210,815358,3380841
16301,816707,3381333,816208,3381435
16302,816208,3381435,815878,3381441
16303,815878,3381441,815771,3381642
16304,815771,3381642,815705,3381692
16401,818393,3381309,818719,3381619
16402,818719,3381619,819052,3381789
16501,819100,3381939,819052,3381789
16502,819052,3381789,818995,3381580
16601,822876,3381382,822589,3381527
16602,822589,3381527,822335,3381744
16603,822335,3381744,822114,3381892
16701,817588,3381713,817349,3381728
16702,817349,3381728,817178,3381777
16801,817149,3381782,817038,3381533
16802,817038,3381533,816965,3381453
16901,820341,3382449,820138,3381888
16902,820138,3381888,820120,3381791
16903,820120,3381791,820138,3381699
16904,820138,3381699,820100,3381353
17001,817588,3381713,817420,3381882
17002,817420,3381882,817345,3381927
17003,817345,3381927,817255,3381919
17004,817255,3381919,817202,3381883
17005,817202,3381883,817149,3381782
17101,817723,3381924,817588,3381713
17201,817723,3381924,818107,3381720
17301,817149,3381782,816807,3381915
17401,815826,3382880,815791,3382567
17402,815791,3382567,815760,3382394
17403,815760,3382394,815684,3382168
17404,815684,3382168,815637,3382054
17405,815637,3382054,815730,3382016
17406,815730,3382016,815692,3381936
17407,815692,3381936,815706,3381892
17408,815706,3381892,815761,3381787
17409,815761,3381787,815705,3381692
17501,816817,3381376,816706,3381424
17502,816706,3381424,816383,3381665
17503,816383,3381665,816292,3381866
17504,816292,3381866,816175,3381953
17601,822388,3382596,822359,3382498
17602,822359,3382498,822241,3382149
17603,822241,3382149,822114,3381892
17701,816807,3381915,816510,3382032
17702,816510,3382032,816212,3382042
17703,816212,3382042,816065,3382000
17704,816065,3382000,815706,3381892
17705,815706,3381892,815533,3381898
17706,815533,3381898,815377,3381944
17707,815377,3381944,814264,3382632
17801,818107,3381720,818137,3381826
17802,818137,3381826,818284,3382027
17803,818284,3382027,818298,3382088
17901,818298,3382088,818741,3382048
17902,818741,3382048,819100,3381939
18001,816175,3381953,816212,3382042
18002,816212,3382042,816261,3382178
18003,816261,3382178,816264,3382490
18004,816264,3382490,816258,3382878
18101,821223,3382188,821191,3381973
18102,821191,3381973,821104,3381674
18103,821104,3381674,821016,3381097
18201,822114,3381892,821223,3382188
18301,818026,3382172,817976,3382095
18302,817976,3382095,817885,3382136
18303,817885,3382136,817846,3382119
18304,817846,3382119,817723,3381924
18401,818026,3382172,818165,3382104
18402,818165,3382104,818298,3382088
18501,821223,3382188,820905,3382288
18601,816175,3381953,816065,3382000
18602,816065,3382000,815684,3382168
18701,820905,3382288,820341,3382449
18801,823374,3382441,823163,3381861
18802,823163,3381861,823045,3381618
18803,823045,3381618,822876,3381382
18901,818298,3382088,818295,3382327
19001,824360,3382156,824433,3382230
19002,824433,3382230,824248,3382379
19003,824248,3382379,824143,3382508
19101,822241,3382149,822420,3382168
19102,822420,3382168,822572,3382234
19103,822572,3382234,822534,3382408
19104,822534,3382408,822359,3382498
19201,819358,3382470,819295,3382259
19202,819295,3382259,819100,3381939
19301,824455,3382666,824143,3382508
19401,818088,3382502,817993,3382355
19402,817993,3382355,818012,3382303
19403,818012,3382303,818071,3382262
19404,818071,3382262,818026,3382172
19501,818295,3382327,818088,3382502
19601,818991,3382550,819358,3382470
19701,819515,3381477,819878,3382615
19801,819878,3382615,820341,3382449
19901,818991,3382550,818519,3382585
19902,818519,3382585,818414,3382592
20001,818295,3382327,818414,3382592
20101,821408,3382685,820928,3382356
20102,820928,3382356,820905,3382288
20201,821498,3382982,821408,3382685
20202,821408,3382685,821304,3382328
20203,821304,3382328,821223,3382188
20301,816264,3382490,815791,3382567
20401,818158,3382648,818088,3382502
20501,818414,3382592,818158,3382648
20601,819358,3382470,819433,3382783
20701,819433,3382783,819878,3382615
20801,818158,3382648,817722,3382759
20901,821658,3382901,821408,3382685
21001,822388,3382596,821658,3382901
21002,821658,3382901,821498,3382982
21101,816997,3382816,817722,3382759
21201,816997,3382816,816877,3382101
21202,816877,3382101,816807,3381915
21301,819154,3382912,818991,3382550
21401,819102,3382942,819154,3382912
21402,819154,3382912,819433,3382783
21501,816499,3382882,816659,3382863
21502,816659,3382863,816997,3382816
21601,824143,3382508,824119,3382557
21602,824119,3382557,824035,3382822
21603,824035,3382822,824049,3383080
21701,815826,3382880,816258,3382878
21702,816258,3382878,816499,3382882
21801,823553,3383104,824049,3383080
21901,824143,3382508,823981,3382467
21902,823981,3382467,823374,3382441
22001,824049,3383080,824091,3383165
22002,824091,3383165,824158,3383185
22101,815330,3382994,815416,3382982
22102,815416,3382982,815826,3382880
22201,815760,3382394,815462,3382588
22202,815462,3382588,815321,3382756
22203,815321,3382756,815330,3382994
22301,815311,3383540,815267,3383425
22302,815267,3383425,815203,3383317
22303,815203,3383317,815172,3383033
22304,815172,3383033,815330,3382994
22401,821498,3382982,821053,3383211
22501,818664,3383182,818554,3382967
22502,818554,3382967,818526,3382807
22503,818526,3382807,818519,3382585
22601,817888,3383590,818407,3383340
22602,818407,3383340,818664,3383182
22603,818664,3383182,819102,3382942
22701,824433,3383354,824263,3383311
22702,824263,3383311,824158,3383185
22801,816499,3382882,816498,3383156
22802,816498,3383156,816497,3383318
22803,816497,3383318,816496,3383515
22901,817042,3383595,817023,3383236
22902,817023,3383236,816997,3382816
23001,821053,3383211,820517,3383334
23002,820517,3383334,820350,3383340
23101,816726,3383504,816792,3383419
23102,816792,3383419,816758,3383259
23103,816758,3383259,816659,3382863
23201,816758,3383259,817023,3383236
23301,819365,3383580,819282,3383386
23302,819282,3383386,819102,3382942
23401,816497,3383318,816027,3383316
23402,816027,3383316,815888,3383371
23501,815905,3383505,815819,3383511
23502,815819,3383511,815486,3383510
23503,815486,3383510,815311,3383540
23601,815416,3382982,815486,3383510
23701,821297,3383572,821516,3383178
23702,821516,3383178,821529,3383095
23703,821529,3383095,821498,3382982
23801,816726,3383504,816496,3383515
23901,821053,3383211,821015,3383578
23902,821015,3383578,821030,3383654
24001,821297,3383572,821030,3383654
24002,821030,3383654,820677,3383772
24101,817722,3382759,817856,3383456
24102,817856,3383456,817888,3383590
24201,817888,3383590,817557,3383609
24202,817557,3383609,817042,3383595
24301,815423,3384274,815674,3384147
24302,815674,3384147,815994,3384101
24303,815994,3384101,816102,3384080
24304,816102,3384080,816256,3383994
24305,816256,3383994,816556,3383779
24306,816556,3383779,816633,3383661
24307,816633,3383661,816748,3383600
24308,816748,3383600,817042,3383595
24401,816726,3383504,816748,3383600
24402,816748,3383600,816814,3383816
24403,816814,3383816,816922,3384080
24501,820350,3383340,820237,3383390
24502,820237,3383390,820019,3383695
24601,820677,3383772,820600,3383565
24602,820600,3383565,820376,3383396
24603,820376,3383396,820350,3383340
24701,818439,3384028,818659,3383872
24702,818659,3383872,818971,3383743
24703,818971,3383743,819365,3383580
24801,816496,3383515,816488,3383709
24802,816488,3383709,816483,3383776
24803,816483,3383776,816391,3383853
24804,816391,3383853,816268,3383867
24901,816488,3383709,816550,3383704
24902,816550,3383704,816556,3383779
24903,816556,3383779,816564,3383863
25001,820019,3383695,820151,3383795
25002,820151,3383795,820216,3383921
25101,820216,3383921,820677,3383772
25201,817888,3383590,817907,3383861
25202,817907,3383861,817883,3383966
25301,815369,3383805,815311,3383540
25401,816256,3383994,816564,3383863
25402,816564,3383863,816776,3383869
25403,816776,3383869,816814,3383816
25501,816256,3383994,816268,3383867
25502,816268,3383867,816243,3383512
25601,817282,3384000,817585,3383939
25602,817585,3383939,817766,3383953
25603,817766,3383953,817883,3383966
25701,819745,3384026,819795,3383994
25702,819795,3383994,820019,3383695
25801,818439,3384028,818268,3384009
25802,818268,3384009,817883,3383966
25901,819365,3383580,819578,3384091
26001,818439,3384028,819430,3384142
26101,816860,3384098,816922,3384080
26102,816922,3384080,817282,3384000
26201,819745,3384026,819812,3384214
26301,819812,3384214,819907,3384188
26302,819907,3384188,820270,3384228
26401,820216,3383921,820278,3384091
26402,820278,3384091,820270,3384228
26501,820270,3384228,820678,3384268
26601,820678,3384268,820725,3383918
26602,820725,3383918,820677,3383772
26701,817282,3384000,817378,3384317
26801,821180,3384313,821630,3384253
26802,821630,3384253,821754,3384295
26803,821754,3384295,821868,3384288
26804,821868,3384288,822134,3384235
26805,822134,3384235,822391,3384313
26806,822391,3384313,822759,3384118
26807,822759,3384118,823123,3383948
26808,823123,3383948,823278,3383499
26809,823278,3383499,823529,3383246
26810,823529,3383246,823553,3383104
26901,821180,3384313,821297,3383572
27001,820678,3384268,821180,3384313
27101,819658,3384272,819578,3384091
27201,817883,3383966,817840,3384242
27301,815589,3384659,815451,3384340
27302,815451,3384340,815423,3384274
27303,815423,3384274,815404,3384193
27304,815404,3384193,815369,3383805
27401,816011,3384223,816199,3384167
27402,816199,3384167,816860,3384098
27501,819430,3384142,819505,3384329
27601,820256,3384392,820270,3384228
27701,817378,3384317,817840,3384242
27801,820657,3384453,820256,3384392
27901,820681,3384863,820628,3384685
27902,820628,3384685,820657,3384453
27903,820657,3384453,820678,3384268
28001,815451,3384340,816011,3384223
28101,816860,3384098,816895,3384392
28201,816895,3384392,817378,3384317
28301,816377,3384464,816895,3384392
28401,819781,3384585,819658,3384272
28501,820256,3384392,819781,3384585
28601,820317,3384631,820256,3384392
28701,821338,3384977,821243,3384660
28702,821243,3384660,821180,3384313
28801,816124,3384528,816011,3384223
28901,816124,3384528,816377,3384464
29001,819505,3384329,819224,3384660
29101,816124,3384528,815921,3384577
29102,815921,3384577,815589,3384659
29201,818268,3384009,818242,3384231
29202,818242,3384231,818174,3384361
29203,818174,3384361,818121,3384716
29301,818439,3384028,818404,3384592
29302,818404,3384592,818121,3384716
29401,817840,3384242,817760,3384716
29402,817760,3384716,817718,3385080
29501,819334,3384764,819224,3384660
29601,819781,3384585,819334,3384764
29701,819870,3384812,819781,3384585
29801,820317,3384631,819870,3384812
29901,820494,3384931,820681,3384863
29902,820681,3384863,821243,3384660
30001,816377,3384464,816479,3384813
30002,816479,3384813,816551,3384994
30003,816551,3384994,816608,3385240
30101,820494,3384931,820317,3384631
30201,821573,3384929,821338,3384977
30202,821338,3384977,820786,3385063
30203,820786,3385063,820633,3385170
30204,820633,3385170,820474,3385294
30205,820474,3385294,820206,3385514
30301,816295,3385206,816203,3384904
30302,816203,3384904,816141,3384701
30303,816141,3384701,816124,3384528
30401,819433,3385000,819334,3384764
30501,819870,3384812,819433,3385000
30601,818121,3384716,818223,3384986
30602,818223,3384986,818288,3385156
30701,819224,3384660,819117,3384600
30702,819117,3384600,818223,3384986
30801,820633,3385170,820494,3384931
30901,820005,3385157,819870,3384812
31001,820005,3385157,820494,3384931
31101,816022,3385267,815863,3385083
31102,815863,3385083,815589,3384659
31201,817718,3385080,818288,3385156
31301,817718,3385080,817347,3385154
31302,817347,3385154,816958,3385206
31401,816608,3385240,816295,3385206
31501,816958,3385206,816608,3385240
31601,818288,3385156,819082,3385319
31701,819577,3385343,819433,3385000
31801,819577,3385343,820005,3385157
31901,817370,3385487,817360,3385293
31902,817360,3385293,817347,3385154
32001,820005,3385157,820206,3385514
32101,816295,3385206,816116,3385222
32102,816116,3385222,816022,3385267
32201,819082,3385319,819422,3385386
32202,819422,3385386,819577,3385343
32301,821815,3385575,821464,3385519
32302,821464,3385519,820847,3385429
32303,820847,3385429,820633,3385170
32401,816608,3385240,816684,3385423
32402,816684,3385423,816734,3385560
32403,816734,3385560,816848,3385837
32501,821815,3385575,821573,3384929
32601,816958,3385206,816987,3385413
32602,816987,3385413,816994,3385465
32603,816994,3385465,817098,3385699
32701,817688,3385509,817513,3385493
32702,817513,3385493,817370,3385487
32703,817370,3385487,817290,3385517
32704,817290,3385517,817098,3385699
32801,816987,3385413,817290,3385517
32901,820474,3385294,820708,3385607
32902,820708,3385607,820987,3385985
33001,816734,3385560,816994,3385465
33101,820206,3385514,819743,3385723
33201,821464,3385519,821439,3385644
33202,821439,3385644,821259,3385786
33203,821259,3385786,820987,3385985
33204,820987,3385985,820860,3386079
33205,820860,3386079,820712,3386188
33301,816022,3385267,816312,3385647
33302,816312,3385647,816558,3385979
33401,816312,3385647,816684,3385423
33501,819461,3385930,819330,3385808
33502,819330,3385808,819032,3385542
33503,819032,3385542,819082,3385319
33601,821815,3385575,821868,3385822
33602,821868,3385822,821950,3385979
33603,821950,3385979,822160,3386287
33701,817098,3385699,816848,3385837
33801,821259,3385786,821690,3386347
33901,817669,3385910,817688,3385509
34001,816558,3385979,816848,3385837
34101,817098,3385699,817289,3386002
34201,817289,3386002,817417,3385899
34202,817417,3385899,817669,3385910
34301,820712,3386188,820206,3385514
34401,821950,3385979,821866,3386094
34402,821866,3386094,821845,3386216
34403,821845,3386216,821690,3386347
34404,821690,3386347,821134,3386774
34501,816848,3385837,817027,3386235
34601,817027,3386235,817289,3386002
34701,821315,3387021,821134,3386774
34702,821134,3386774,820712,3386188
34801,816558,3385979,816758,3386349
34901,816758,3386349,817027,3386235
35001,817289,3386002,817517,3386259
35002,817517,3386259,817656,3386391
35101,817656,3386391,817669,3385910
35201,822160,3386287,821779,3386661
35202,821779,3386661,821315,3387021
35301,817027,3386235,817328,3386717
35401,817328,3386717,817656,3386391
35501,822160,3386287,822600,3386930
35502,822600,3386930,822802,3387208
35503,822802,3387208,822926,3387456
35601,816758,3386349,816918,3386644
35602,816918,3386644,816980,3386826
35701,816980,3386826,817219,3386784
35702,817219,3386784,817328,3386717
35801,817776,3387325,817443,3386884
35802,817443,3386884,817328,3386717
35901,817656,3386391,817983,3386779
35902,817983,3386779,818125,3387001
36001,823099,3387412,823094,3387243
36002,823094,3387243,823131,3387157
36003,823131,3387157,822968,3387058
36004,822968,3387058,822894,3386920
36005,822894,3386920,822936,3386797
36006,822936,3386797,823038,3386695
36007,823038,3386695,823056,3386625
36008,823056,3386625,823021,3386522
36009,823021,3386522,823029,3386452
36010,823029,3386452,822897,3386266
36011,822897,3386266,822690,3386183
36012,822690,3386183,822462,3386200
36013,822462,3386200,822160,3386287
36101,822982,3387582,823159,3387536
36102,823159,3387536,823099,3387412
36103,823099,3387412,822926,3387456
36201,818125,3387001,817776,3387325
36202,817776,3387325,817703,3387395
36203,817703,3387395,817510,3387490
36204,817510,3387490,817321,3387572
36205,817321,3387572,817193,3387623
36301,818125,3387001,818425,3387406
36401,818425,3387406,818756,3387129
36402,818756,3387129,819000,3387215
36501,818967,3389008,818334,3388092
36502,818334,3388092,818044,3387676
36601,817443,3386884,817429,3386929
36602,817429,3386929,817514,3387183
36603,817514,3387183,817510,3387490
36604,817510,3387490,817471,3387648
36605,817471,3387648,817495,3387717
36701,820244,3388052,820508,3387615
36702,820508,3387615,821315,3387021
36801,818425,3387406,818198,3387558
36802,818198,3387558,818044,3387676
36901,818489,3389350,817741,3388074
36902,817741,3388074,817495,3387717
36903,817495,3387717,817321,3387572
36904,817321,3387572,817243,3387445
36905,817243,3387445,816980,3386826
37001,819000,3387215,819521,3387443
37002,819521,3387443,819776,3387654
37003,819776,3387654,820244,3388052
37101,820508,3387615,820329,3387377
37102,820329,3387377,820249,3387315
37103,820249,3387315,820133,3387258
37104,820133,3387258,819969,3387235
37105,819969,3387235,819776,3387654
37201,818425,3387406,818683,3387659
37202,818683,3387659,818764,3387743
37203,818764,3387743,819567,3388579
37301,819000,3387215,818900,3387459
37302,818900,3387459,818683,3387659
37401,821871,3387759,821315,3387021
37501,818198,3387558,818588,3387900
37502,818588,3387900,819245,3388809
37601,818334,3388092,818588,3387900
37602,818588,3387900,818764,3387743
37701,823159,3387536,823259,3387676
37702,823259,3387676,823416,3388037
37703,823416,3388037,823515,3388006
37704,823515,3388006,823725,3388028
37705,823725,3388028,823823,3388113
37706,823823,3388113,823979,3388170
37707,823979,3388170,824046,3388252
37801,822241,3388253,821871,3387759
37901,821239,3388237,820643,3387789
37902,820643,3387789,820508,3387615
38001,820854,3388555,821239,3388237
38002,821239,3388237,821741,3387832
38003,821741,3387832,821871,3387759
38101,819567,3388579,819994,3388248
38102,819994,3388248,820244,3388052
38201,824046,3388252,824031,3388377
38202,824031,3388377,823753,3388478
38203,823753,3388478,823511,3388512
38204,823511,3388512,823424,3388562
38301,819994,3388248,820084,3388333
38302,820084,3388333,820209,3388449
38303,820209,3388449,820499,3388572
38304,820499,3388572,820689,3388691
38401,820244,3388052,820617,3388362
38402,820617,3388362,820854,3388555
38501,823282,3388982,822466,3388512
38502,822466,3388512,822241,3388253
38601,820084,3388333,819750,3388789
38701,819567,3388579,819245,3388809
38702,819245,3388809,818967,3389008
38801,821281,3388921,820854,3388555
38901,822241,3388253,821281,3388921
39001,823282,3388982,823391,3388753
39002,823391,3388753,823424,3388562
39101,819881,3388945,820080,3388695
39102,820080,3388695,820287,3388834
39103,820287,3388834,820414,3388918
39201,819180,3389263,819598,3388965
39202,819598,3388965,819750,3388789
39301,821889,3389410,821598,3389176
39302,821598,3389176,821281,3388921
39401,823282,3388982,823725,3389239
39402,823725,3389239,824240,3389552
39501,819520,3389662,819180,3389263
39502,819180,3389263,818967,3389008
39601,819909,3389334,819598,3388965
39701,819520,3389662,819718,3389509
39702,819718,3389509,819909,3389334
39703,819909,3389334,820081,3389193
39801,822175,3388925,821889,3389410
39901,818967,3389008,818489,3389350
40001,821465,3390107,821138,3389909
40002,821138,3389909,821598,3389176
40101,821889,3389410,822787,3389964
40201,823282,3388982,822787,3389964
40301,820043,3390276,819809,3390009
40302,819809,3390009,819520,3389662
40401,820367,3389544,819809,3390009
40501,821889,3389410,821465,3390107
40601,820579,3389839,820784,3390121
40602,820784,3390121,821111,3390502
40701,818489,3389350,818985,3390077
40801,819520,3389662,818985,3390077
40901,820579,3389839,820043,3390276
41001,818985,3390077,818732,3390247
41101,821465,3390107,821111,3390502
41201,821465,3390107,822369,3390649
41301,822787,3389964,822513,3390473
41302,822513,3390473,822369,3390649
41401,820638,3390973,820395,3390691
41402,820395,3390691,820043,3390276
41501,820784,3390121,820574,3390507
41502,820574,3390507,820395,3390691
41601,822787,3389964,824200,3390835
41701,822893,3390982,822369,3390649
41801,821111,3390502,820638,3390973
41901,823777,3391534,823685,3391475
41902,823685,3391475,823316,3391240
41903,823316,3391240,822893,3390982
42001,821111,3390502,822013,3391267
42101,822369,3390649,822013,3391267
42201,823685,3391475,823869,3391081
42301,823316,3391240,823137,3391554
42401,818985,3390077,819583,3390911
42402,819583,3390911,819865,3391230
42403,819865,3391230,820066,3391524
42501,820066,3391524,820638,3390973
42601,822013,3391267,822509,3391647
42701,822893,3390982,822509,3391647
42801,822509,3391647,822942,3391889
42802,822942,3391889,823341,3392113
42901,823707,3392321,823877,3391978
42902,823877,3391978,823959,3391811
43001,821654,3391944,820638,3390973
43101,822013,3391267,821654,3391944
43201,823341,3392113,823777,3391534
43301,822044,3392301,821862,3392142
43302,821862,3392142,821654,3391944
43401,822117,3391763,821862,3392142
43501,823341,3392113,823707,3392321
43502,823707,3392321,823974,3392474
43503,823974,3392474,824083,3392535
43504,824083,3392535,824147,3392536
43601,822509,3391647,822044,3392301
43701,823877,3391978,824159,3392149
43702,824159,3392149,823974,3392474
43801,822782,3392863,822412,3392583
43802,822412,3392583,822044,3392301
43901,822942,3391889,822412,3392583
44001,820066,3391524,821037,3392578
44101,821654,3391944,821298,3392374
44102,821298,3392374,821037,3392578
44201,823341,3392113,822914,3392669
44202,822914,3392669,822782,3392863
44301,823587,3393180,823251,3392925
44302,823251,3392925,822914,3392669
44401,823112,3393118,823251,3392925
44402,823251,3392925,823707,3392321
44501,823444,3393370,823587,3393180
44502,823587,3393180,823737,3392984
44503,823737,3392984,824083,3392535
44601,823522,3393436,823444,3393370
44602,823444,3393370,823112,3393118
44603,823112,3393118,822782,3392863
44701,821037,3392578,820423,3393057
44801,824126,3393208,823998,3393182
44802,823998,3393182,823737,3392984
44901,822412,3392583,822133,3392944
44902,822133,3392944,822502,3393229
45001,822782,3392863,822502,3393229
45002,822502,3393229,822370,3393402
45101,821037,3392578,821821,3393386
45201,822502,3393229,822869,3393417
45202,822869,3393417,823112,3393118
45301,824158,3383185,824434,3383184
45401,818216,3378834,818689,3378847
45501,817227,3379238,817540,3379227
45601,817540,3379227,818174,3379219
45701,824259,3388284,824046,3388252
45801,818044,3387676,817884,3387464
45802,817884,3387464,817776,3387325
45901,820414,3388918,820687,3389101
45902,820687,3389101,820999,3389311
46001,820262,3389043,820594,3389260
46002,820594,3389260,820687,3389101
46101,820617,3388362,820499,3388572
46201,822269,3387647,822197,3387203
46202,822197,3387203,821779,3386661
46301,822197,3387203,822600,3386930
46401,815921,3384577,815972,3384784
46400,815972,3384784,816066,3384959
